{"current":{"use_logo":true,"smoothscroll_toggle":false,"show_copyright":true,"base_font":"google_fonts:Ubuntu","base_font_size":"12px","base_font_color":"#888888","heading_font":"google_fonts:Ubuntu","heading_font_size":"35px","heading_font_color":"#333333","link_color":"#333333","link_color_hover":"#888888","product_name_size":"14px","product_name_color":"#888888","product_name_color_hover":"#000000","product_desc_size":"12px","product_desc_color":"#333333","product_price_color":"#333333","body_bg_color":"#e9e9e9","body_bg_img_toggle":false,"border_color":"#e5e5e5","color_1":"#ffffff","color_2":"#333333","color_3":"#888888","homepage_products_toggle":true,"new_products_period":"100000","homepage_products":"frontpage","homepage_products_count":"8","homepage_carousel_rows":"1","homepage_carousel_direction":"1","sidebar_toggle":"sidebar_toggle_right","sidebar_widget_collections_toggle":true,"sidebar_widget_types_toggle":true,"sidebar_widget_vendors_toggle":false,"sidebar_widget_products_toggle":true,"sidebar_widget_products_title":"Best sellers","sidebar_widget_products_collection":"","megamenu1_text":"Home","megamenu1_link":"\/","megamenu1_badge":"","megamenu2_text":"Products","megamenu2_link":"\/collections","megamenu2_badge":"hot deals","megamenu2_sub_toggle":true,"megamenu2_sub_col__1":"catalog-1","megamenu2_sub_col__2":"catalog-2","megamenu2_sub_col__3":"catalog-3","megamenu2_sub_col__4":"catalog-4","megamenu2_banner1_toggle":true,"megamenu2_banner1_img_toggle":true,"megamenu2_banner1_text1":"Sale","megamenu2_banner1_text2":"50% off","megamenu2_banner1_link":"\/collections\/accessories","megamenu2_banner2_toggle":true,"megamenu2_banner2_img_toggle":true,"megamenu2_banner2_text1":"New","megamenu2_banner2_text2":"arrivals","megamenu2_banner2_link":"\/collections\/men-s-1","megamenu4_text":"Sale","megamenu4_sub_collection":"footwear","megamenu4_badge":"","megamenu4_title":"Now on sale","megamenu4_banner1_toggle":true,"megamenu4_banner1_img_toggle":true,"megamenu4_banner1_text1":"Sale on bags","megamenu4_banner1_text2":"90% off","megamenu4_banner1_link":"\/collections\/frontpage","megamenu4_banner2_toggle":true,"megamenu4_banner2_img_toggle":true,"megamenu4_banner2_text1":"sale","megamenu4_banner2_text2":"on accessories","megamenu4_banner2_link":"\/collections\/men-s-1","slider_toggle":true,"slider_captions_toggle":true,"slider_logo_toggle":true,"slide1_toggle":true,"slide1_link":"\/collections\/all","slide1_caption1":"new","slide1_caption2":"get up to 25% off","slide2_toggle":true,"slide2_link":"\/collections\/accessories","slide2_caption1":"Sale","slide2_caption2":"get up to 25% off","slide3_toggle":true,"slide3_link":"\/collections\/footwear","slide3_caption1":"Styler","slide3_caption2":"shopify theme","slide4_toggle":false,"slide4_link":"","slide4_caption1":"","slide4_caption2":"","slide5_toggle":false,"slide5_link":"","slide5_caption1":"","slide5_caption2":"","custom_showcases_toggle":true,"custom_showcase1_img_toggle":true,"custom_showcase1_text1":"new arrivals","custom_showcase1_text2":"women’s","custom_showcase1_link":"\/collections\/accessories","custom_showcase2_img_toggle":true,"custom_showcase2_text1":"new arrivals","custom_showcase2_text2":"men’s","custom_showcase2_link":"\/collections\/footwear","custom_showcase3_img_toggle":true,"custom_showcase3_text1":"new arrivals","custom_showcase3_text2":"FOOTWEAR","custom_showcase3_link":"\/collections\/jewellery","custom_bottom_toggle":true,"custom_bottom_img_toggle":true,"custom_bottom_parallax_toggle":true,"custom_bottom_text1":"DEAL OF THE DAY","custom_bottom_text2":"up to 30% off","custom_bottom_button_text":"Shop now!","custom_bottom_link":"\/collections\/men-s-1","footer_block1_title":"Information","footer_block1_list":"footer","footer_block2_title":"My account","footer_block2_list":"catalog-3","footer_block3_title":"Categories","footer_block3_list":"catalog-4","footer_newsletter":true,"footer_block4_title":"Newsletter","social_twitter":"\/\/twitter.com\/templatemonster","social_facebook":"\/\/www.facebook.com\/TemplateMonster","social_youtube":"\/\/www.youtube.com\/user\/TemplateMonsterCo","social_instagram":"","social_pinterest":"","social_googleplus":"","social_tumblr":"","google_map_address":"Times Square Manhattan, NY 10036","homepage_map_toggle":false,"contacts_map_toggle":true,"olark_chat_toggle":true,"olark_chat_code":"<!-- olark code -->\r\n<script type=\"text\/javascript\" data-cfasync=\"false\">\/\/ <![CDATA[\r\n\/*<![CDATA[*\/window.olark||(function(c){var f=window,d=document,l=f.location.protocol==\"https:\"?\"https:\":\"http:\",z=c.name,r=\"load\";var nt=function(){\r\nf[z]=function(){\r\n(a.s=a.s||[]).push(arguments)};var a=f[z]._={\r\n},q=c.methods.length;while(q--){(function(n){f[z][n]=function(){\r\nf[z](\"call\",n,arguments)}})(c.methods[q])}a.l=c.loader;a.i=nt;a.p={\r\n0:+new Date};a.P=function(u){\r\na.p[u]=new Date-a.p[0]};function s(){\r\na.P(r);f[z](r)}f.addEventListener?f.addEventListener(r,s,false):f.attachEvent(\"on\"+r,s);var ld=function(){function p(hd){\r\nhd=\"head\";return[\"<\",hd,\"><\/\",hd,\"><\",i,' onl' + 'oad=\"var d=',g,\";d.getElementsByTagName('head')[0].\",j,\"(d.\",h,\"('script')).\",k,\"='\",l,\"\/\/\",a.l,\"'\",'\"',\"><\/\",i,\">\"].join(\"\")}var i=\"body\",m=d[i];if(!m){\r\nreturn setTimeout(ld,100)}a.P(1);var j=\"appendChild\",h=\"createElement\",k=\"src\",n=d[h](\"div\"),v=n[j](d[h](z)),b=d[h](\"iframe\"),g=\"document\",e=\"domain\",o;n.style.display=\"none\";m.insertBefore(n,m.firstChild).id=z;b.frameBorder=\"0\";b.id=z+\"-loader\";if(\/MSIE[ ]+6\/.test(navigator.userAgent)){\r\nb.src=\"javascript:false\"}b.allowTransparency=\"true\";v[j](b);try{\r\nb.contentWindow[g].open()}catch(w){\r\nc[e]=d[e];o=\"javascript:var d=\"+g+\".open();d.domain='\"+d.domain+\"';\";b[k]=o+\"void(0);\"}try{\r\nvar t=b.contentWindow[g];t.write(p());t.close()}catch(x){\r\nb[k]=o+'d.write(\"'+p().replace(\/\"\/g,String.fromCharCode(92)+'\"')+'\");d.close();'}a.P(2)};ld()};nt()})({\r\nloader: \"static.olark.com\/jsclient\/loader0.js\",name:\"olark\",methods:[\"configure\",\"extend\",\"declare\",\"identify\"]});\r\n\/* custom configuration goes here (www.olark.com\/documentation) *\/\r\nolark.identify('7830-582-10-3714');\/*]]>*\/\r\n  \/\/ ]]><\/script>\r\n<noscript><pre><a href=\"https:\/\/www.olark.com\/site\/7830-582-10-3714\/contact\" title=\"Contact us\" target=\"_blank\">Questions? Feedback?<\/a> powered by <a href=\"http:\/\/www.olark.com?welcome\" title=\"Olark live chat software\">Olark live chat software<\/a><\/pre><\/noscript>\r\n<!-- end olark code -->","show_multiple_currencies":true,"supported_currencies":"USD EUR GBP","default_currency":"USD","newsletter_popup_toggle":true,"newsletter_popup_disable":"365","newsletter_form_type":"newsletter_shopify","newsletter_mailchimp_url":"\/\/templatemonster.us10.list-manage.com\/subscribe\/post?u=ce6b90907f5d7befce3c15310&amp;id=02763f7415","newsletter_title":"Newsletter","newsletter_text":"Subscribe to the Styler list to receive updates on new arrivals,   special offers and other discount information.","show_amex":true,"show_discover":true,"show_visa":true,"show_mastercard":true,"show_maestro":true,"show_cirrus":true,"show_paypal":true,"show_google":true,"cookies_policy_toggle":false,"cookies_policy_tagline":"We use cookies to give you the best experience.","cookies_policy_text":"If you do nothing, we'll assume that's OK.","cookies_policy_expire":"30","cookies_policy_redirect":"http:\/\/www.templatemonster.com\/templates.php?propertylist[types][0]=67280","checkout_header_image":"","checkout_use_storefront_logo":false,"checkout_logo_image":"","checkout_logo_position":"left","checkout_logo_size":"medium","checkout_body_background_image":"","checkout_body_background_color":"#fff","checkout_input_background_color_mode":"white","checkout_sidebar_background_image":"","checkout_sidebar_background_color":"#fafafa","checkout_heading_font":"Helvetica Neue","checkout_body_font":"Helvetica Neue","checkout_accent_color":"#333333","checkout_button_color":"#333333","checkout_error_color":"#888888","promobanner_toggle":true,"promobanner_bg_color":"#262626","promobanner_img_toggle":true,"promobanner_title":"special offer","promobanner_tagline":"up to 90% off","promobanner_btn":"Shop now!","promobanner_link":"\/collections\/all","promobanner_date_day":"1","promobanner_date_month":"01","promobanner_date_year":"2017","megamenu3_title":"from the blog","megamenu3_text":"Blog","megamenu3_blog_select":"blog","megamenu3_badge":"","megamenu5_text":"About us","megamenu5_link":"\/pages\/about-us","megamenu5_badge":"our team","megamenu6_text":"Contact us","megamenu6_link":"\/pages\/contact-us","megamenu6_badge":"","homepage_blog_toggle":true,"homepage_blog_select":"blog","homepage_blog_logo_img_toggle":true,"homepage_blog_logo_text_toggle":true,"homepage_blog_text":"Our good was made up by best experts with the help of most advanced technologies, and it gives us right to consider this product to be a premium one. Fashion has always been so temporary and uncertain. You can’t keep up with it.","checkout_use_header_image":false,"checkout_logo":"","checkout_use_body_background_image":false,"checkout_use_sidebar_background_image":false,"color_4":"","color_5":"","color_6":"","color_7":"","gradient1_top":"","gradient1_bottom":"","gradient2_top":"","gradient2_bottom":"","gradient3_top":"","gradient3_bottom":"","megamenu2_bg_toggle":false,"homepage_blog_title":"","footer_block5_title":"Contacts","contacts_company":"MyCompany inc.","contacts_address":"4578 Marmora Road, Glasgow D04 89GR","contacts_phone":"1(234) 567-9842","contacts_email":"info@demolink.org","footer_block6_title":"Newsletter","homepage_blog_bg_toggle":"0","custom_header_toggle":false,"custom_header_text1":"","custom_header_text2":"","custom_showcase4_img_toggle":"0","custom_showcase4_text1":"","custom_showcase4_text2":"","custom_showcase4_link":"","slide1_caption3":"","slide1_caption4":"","slide1_caption5":"","slide2_caption3":"","slide2_caption4":"","slide2_caption5":"","slide3_caption3":"","slide3_caption4":"","slide3_caption5":"","slide4_caption3":"","slide4_caption4":"","slide4_caption5":"","slide5_caption3":"","slide5_caption4":"","slide5_caption5":"","logo_slogan":"shopify theme","checkout_banner_background_color":"#ffffff","checkout_headline":"","checkout_call_to_action_color":"#8fc243","customer_layout":"theme","collection_listing_count":"6","currency_format":"money_format","custom_header1_text1":"","custom_header1_text2":"","custom_header1_link":"","custom_header1_img_toggle":false,"gradient4_top":"","gradient4_bottom":"","gradient5_top":"","gradient5_bottom":"","gradient6_top":"","gradient6_bottom":"","gradient7_top":"","gradient7_bottom":"","gradient8_top":"","gradient8_bottom":"","gradient9_top":"","gradient9_bottom":"","gradient10_top":"","gradient10_bottom":"","base_font_regular_family":"Arial, Helvetica, sans-serif","heading_font_regular_family":"Arial, Helvetica, sans-serif","bestsellers_cat":"","collection_listing_cols":"3","homepage_listing_image_size":"large","enable_breadcrumbs":"true","enable_left_sidebar":true,"enable_right_sidebar":false,"megamenu3_sub_toggle":true,"megamenu4_sub_toggle":true,"base_font_type":"font_regular","heading_font_type":"font_regular","mailchimp_form_action":"","mailing_list_title":"Newsletter","mailing_list_tagline":"","main_nav":"main-menu","megamenu4_link":"\/collections\/accessories","homepage_map_address":"Times Square Manhattan, NY 10036","body_bg_type":"bg_color","homepage_listing_cols":"4","megamenu4_sub_col__1":"accessories","megamenu5_thumb":"","megamenu6_thumb":"","megamenu2_thumb":"hot deals","megamenu4_thumb":"","content_for_index":[]},"presets":{}}